,match_id,season,match_date,event_name,gender,match_type,team1,team2,toss_winner,toss_decision,winner,ground
0,1468401,2025,2025-01-24,Bangladesh Women tour of West Indies,female,ODI,Bangladesh,West Indies,Bangladesh,bat,West Indies,"Warner Park, Basseterre, St Kitts"
1,1468400,2025,2025-01-21,Bangladesh Women tour of West Indies,female,ODI,Bangladesh,West Indies,West Indies,field,Bangladesh,"Warner Park, Basseterre, St Kitts"
2,1468399,2025,2025-01-19,Bangladesh Women tour of West Indies,female,ODI,Bangladesh,West Indies,West Indies,field,West Indies,"Warner Park, Basseterre, St Kitts"
3,1426625,2025,2025-01-17,Women's Ashes,female,ODI,Australia,England,Australia,bat,Australia,"Bellerive Oval, Hobart"
4,1459899,2025,2025-01-15,Ireland Women tour of India,female,ODI,India,Ireland,India,bat,India,"Saurashtra Cricket Association Stadium, Rajkot"
5,1426624,2025,2025-01-14,Women's Ashes,female,ODI,Australia,England,England,field,Australia,"Junction Oval, Melbourne"
6,1459898,2025,2025-01-12,Ireland Women tour of India,female,ODI,India,Ireland,India,bat,India,"Saurashtra Cricket Association Stadium, Rajkot"
7,1426623,2025,2025-01-12,Women's Ashes,female,ODI,England,Australia,Australia,field,Australia,"North Sydney Oval, Sydney"
8,1459897,2025,2025-01-10,Ireland Women tour of India,female,ODI,Ireland,India,Ireland,bat,India,"Saurashtra Cricket Association Stadium, Rajkot"
9,1459896,2024,2024-12-27,West Indies Women tour of India,female,ODI,West Indies,India,West Indies,bat,India,"Kotambi Stadium, Vadodara"
10,1459895,2024,2024-12-24,West Indies Women tour of India,female,ODI,India,West Indies,India,bat,India,"Kotambi Stadium, Vadodara"
11,1443567,2024,2024-12-23,Australia Women tour of New Zealand,female,ODI,Australia,New Zealand,Australia,bat,Australia,"Basin Reserve, Wellington"
12,1459894,2024,2024-12-22,West Indies Women tour of India,female,ODI,India,West Indies,West Indies,field,India,"Kotambi Stadium, Vadodara"
13,1443566,2024,2024-12-21,Australia Women tour of New Zealand,female,ODI,Australia,New Zealand,New Zealand,field,Australia,"Basin Reserve, Wellington"
14,1432230,2024,2024-12-11,England Women tour of South Africa,female,ODI,South Africa,England,England,field,England,"Senwes Park, Potchefstroom"
15,1426622,2024,2024-12-11,India Women tour of Australia,female,ODI,Australia,India,India,field,Australia,"Western Australia Cricket Association Ground, Perth"
16,1432229,2024,2024-12-08,England Women tour of South Africa,female,ODI,South Africa,England,England,field,England,"Kingsmead, Durban"
17,1426621,2024,2024-12-08,India Women tour of Australia,female,ODI,Australia,India,Australia,bat,Australia,"Allan Border Field, Brisbane"
18,1426620,2024,2024-12-05,India Women tour of Australia,female,ODI,India,Australia,India,bat,Australia,"Allan Border Field, Brisbane"
19,1432228,2024,2024-12-04,England Women tour of South Africa,female,ODI,England,South Africa,England,bat,South Africa,"Diamond Oval, Kimberley"
20,1458413,2024,2024-12-02,Ireland Women tour of Bangladesh,female,ODI,Ireland,Bangladesh,Ireland,bat,Bangladesh,"Shere Bangla National Stadium, Mirpur, Dhaka"
21,1458412,2024,2024-11-30,Ireland Women tour of Bangladesh,female,ODI,Ireland,Bangladesh,Ireland,bat,Bangladesh,"Shere Bangla National Stadium, Mirpur, Dhaka"
22,1458411,2024,2024-11-27,Ireland Women tour of Bangladesh,female,ODI,Bangladesh,Ireland,Bangladesh,bat,Bangladesh,"Shere Bangla National Stadium, Mirpur, Dhaka"
23,1454393,2024,2024-10-29,New Zealand Women tour of India,female,ODI,New Zealand,India,New Zealand,bat,India,"Narendra Modi Stadium, Ahmedabad"
24,1455371,2024,2024-10-28,United States of America Women tour of Zimbabwe,female,ODI,Zimbabwe,United States of America,United States of America,field,United States of America,"Harare Sports Club, Harare"
25,1454392,2024,2024-10-27,New Zealand Women tour of India,female,ODI,New Zealand,India,New Zealand,bat,New Zealand,"Narendra Modi Stadium, Ahmedabad"
26,1455370,2024,2024-10-26,United States of America Women tour of Zimbabwe,female,ODI,Zimbabwe,United States of America,United States of America,field,Zimbabwe,"Harare Sports Club, Harare"
27,1454391,2024,2024-10-24,New Zealand Women tour of India,female,ODI,India,New Zealand,India,bat,India,"Narendra Modi Stadium, Ahmedabad"
28,1455369,2024,2024-10-23,United States of America Women tour of Zimbabwe,female,ODI,Zimbabwe,United States of America,United States of America,field,United States of America,"Harare Sports Club, Harare"
29,1455368,2024,2024-10-20,United States of America Women tour of Zimbabwe,female,ODI,United States of America,Zimbabwe,Zimbabwe,field,Zimbabwe,"Harare Sports Club, Harare"
30,1455367,2024,2024-10-17,United States of America Women tour of Zimbabwe,female,ODI,United States of America,Zimbabwe,Zimbabwe,field,Zimbabwe,"Harare Sports Club, Harare"
31,1430819,2024,2024-09-11,England Women tour of Ireland,female,ODI,England,Ireland,England,bat,Ireland,"Civil Service Cricket Club, Stormont, Belfast"
32,1430818,2024,2024-09-09,England Women tour of Ireland,female,ODI,England,Ireland,England,bat,England,"Civil Service Cricket Club, Stormont, Belfast"
33,1430817,2024,2024-09-07,England Women tour of Ireland,female,ODI,Ireland,England,Ireland,bat,England,"Civil Service Cricket Club, Stormont, Belfast"
34,1430816,2024,2024-08-20,Sri Lanka Women tour of Ireland,female,ODI,Ireland,Sri Lanka,Sri Lanka,field,Sri Lanka,"Civil Service Cricket Club, Stormont, Belfast"
35,1430815,2024,2024-08-18,Sri Lanka Women tour of Ireland,female,ODI,Ireland,Sri Lanka,Sri Lanka,field,Ireland,"Civil Service Cricket Club, Stormont, Belfast"
36,1430814,2024,2024-08-16,Sri Lanka Women tour of Ireland,female,ODI,Sri Lanka,Ireland,Ireland,field,Ireland,"Civil Service Cricket Club, Stormont, Belfast"
37,1444548,2024,2024-08-12,Netherlands Women's ODI Tri-Series,female,ODI,Scotland,Netherlands,Scotland,bat,Scotland,"VRA Cricket Ground, Amstelveen"
38,1444547,2024,2024-08-11,Netherlands Women's ODI Tri-Series,female,ODI,Papua New Guinea,Scotland,Scotland,field,Scotland,"VRA Cricket Ground, Amstelveen"
39,1444546,2024,2024-08-09,Netherlands Women's ODI Tri-Series,female,ODI,Papua New Guinea,Netherlands,Netherlands,field,Netherlands,"VRA Cricket Ground, Amstelveen"
40,1444545,2024,2024-08-08,Netherlands Women's ODI Tri-Series,female,ODI,Scotland,Netherlands,Scotland,bat,Netherlands,"VRA Cricket Ground, Amstelveen"
41,1444544,2024,2024-08-06,Netherlands Women's ODI Tri-Series,female,ODI,Scotland,Papua New Guinea,Papua New Guinea,field,Scotland,"Sportpark Maarschalkerweerd, Utrecht"
42,1444543,2024,2024-08-05,Netherlands Women's ODI Tri-Series,female,ODI,Papua New Guinea,Netherlands,Netherlands,field,Netherlands,"Sportpark Maarschalkerweerd, Utrecht"
43,1398276,2024,2024-07-03,New Zealand Women tour of England,female,ODI,New Zealand,England,England,field,England,"County Ground, Bristol"
44,1398275,2024,2024-06-30,New Zealand Women tour of England,female,ODI,New Zealand,England,England,field,England,"County Ground, New Road, Worcester"
45,1398274,2024,2024-06-26,New Zealand Women tour of England,female,ODI,New Zealand,England,New Zealand,bat,England,"Riverside Ground, Chester-le-Street"
46,1434289,2024,2024-06-23,South Africa Women tour of India,female,ODI,South Africa,India,South Africa,bat,India,"M Chinnaswamy Stadium, Bengaluru"
47,1436888,2024,2024-06-21,West Indies Women tour of Sri Lanka,female,ODI,Sri Lanka,West Indies,West Indies,field,Sri Lanka,"Mahinda Rajapaksa International Cricket Stadium, Sooriyawewa, Hambantota"
48,1434288,2024,2024-06-19,South Africa Women tour of India,female,ODI,India,South Africa,South Africa,field,India,"M Chinnaswamy Stadium, Bengaluru"
49,1436887,2024,2024-06-18,West Indies Women tour of Sri Lanka,female,ODI,West Indies,Sri Lanka,West Indies,bat,Sri Lanka,"Mahinda Rajapaksa International Cricket Stadium, Sooriyawewa, Hambantota"
50,1434287,2024,2024-06-16,South Africa Women tour of India,female,ODI,India,South Africa,India,bat,India,"M Chinnaswamy Stadium, Bengaluru"
51,1436886,2024,2024-06-15,West Indies Women tour of Sri Lanka,female,ODI,West Indies,Sri Lanka,Sri Lanka,field,Sri Lanka,"Mahinda Rajapaksa International Cricket Stadium, Sooriyawewa, Hambantota"
52,1398273,2024,2024-05-29,Pakistan Women tour of England,female,ODI,England,Pakistan,England,bat,England,"County Ground, Chelmsford"
53,1398272,2024,2024-05-26,Pakistan Women tour of England,female,ODI,Pakistan,England,Pakistan,bat,no result,"The Cooper Associates County Ground, Taunton"
54,1398271,2024,2024-05-23,Pakistan Women tour of England,female,ODI,England,Pakistan,Pakistan,field,England,"County Ground, Derby"
55,1426083,2024,2024-04-23,West Indies Women tour of Pakistan,female,ODI,West Indies,Pakistan,West Indies,bat,West Indies,"National Stadium, Karachi"
56,1426082,2024,2024-04-21,West Indies Women tour of Pakistan,female,ODI,Pakistan,West Indies,Pakistan,bat,West Indies,"National Stadium, Karachi"
57,1426081,2024,2024-04-18,West Indies Women tour of Pakistan,female,ODI,West Indies,Pakistan,West Indies,bat,West Indies,"National Stadium, Karachi"
58,1398267,2024,2024-04-17,Sri Lanka Women tour of South Africa,female,ODI,South Africa,Sri Lanka,Sri Lanka,field,Sri Lanka,"Senwes Park, Potchefstroom"
59,1427425,2024,2024-04-14,UAE Women's ODI Tri-Series,female,ODI,Scotland,United States of America,Scotland,bat,Scotland,"ICC Global Cricket Academy, Dubai"
60,1398266,2024,2024-04-13,Sri Lanka Women tour of South Africa,female,ODI,Sri Lanka,South Africa,South Africa,field,South Africa,"Diamond Oval, Kimberley"
61,1427424,2024,2024-04-12,UAE Women's ODI Tri-Series,female,ODI,Scotland,Papua New Guinea,Papua New Guinea,field,Scotland,"ICC Global Cricket Academy, Dubai"
62,1427423,2024,2024-04-11,UAE Women's ODI Tri-Series,female,ODI,United States of America,Papua New Guinea,United States of America,bat,Papua New Guinea,"ICC Global Cricket Academy, Dubai"
63,1398265,2024,2024-04-09,Sri Lanka Women tour of South Africa,female,ODI,South Africa,Sri Lanka,Sri Lanka,field,no result,"Buffalo Park, East London"
64,1388209,2024,2024-04-07,England Women tour of New Zealand,female,ODI,England,New Zealand,England,bat,New Zealand,"Seddon Park, Hamilton"
65,1388208,2024,2024-04-04,England Women tour of New Zealand,female,ODI,England,New Zealand,England,bat,England,"Seddon Park, Hamilton"
66,1388207,2024,2024-04-01,England Women tour of New Zealand,female,ODI,New Zealand,England,England,field,England,"Basin Reserve, Wellington"
67,1426047,2024,2024-03-28,Papua New Guinea Women tour of Zimbabwe,female,ODI,Zimbabwe,Papua New Guinea,Papua New Guinea,field,Zimbabwe,"Harare Sports Club, Harare"
68,1425063,2024,2024-03-27,Australia Women tour of Bangladesh,female,ODI,Bangladesh,Australia,Australia,field,Australia,"Shere Bangla National Stadium, Mirpur, Dhaka"
69,1426046,2024,2024-03-26,Papua New Guinea Women tour of Zimbabwe,female,ODI,Papua New Guinea,Zimbabwe,Zimbabwe,field,Zimbabwe,"Harare Sports Club, Harare"
70,1425062,2024,2024-03-24,Australia Women tour of Bangladesh,female,ODI,Bangladesh,Australia,Bangladesh,bat,Australia,"Shere Bangla National Stadium, Mirpur, Dhaka"
71,1425061,2024,2024-03-21,Australia Women tour of Bangladesh,female,ODI,Australia,Bangladesh,Bangladesh,field,Australia,"Shere Bangla National Stadium, Mirpur, Dhaka"
72,1375874,2024,2024-02-10,South Africa Women tour of Australia,female,ODI,Australia,South Africa,Australia,bat,Australia,"North Sydney Oval, Sydney"
73,1375873,2024,2024-02-07,South Africa Women tour of Australia,female,ODI,South Africa,Australia,Australia,field,South Africa,"North Sydney Oval, Sydney"
74,1375872,2024,2024-02-03,South Africa Women tour of Australia,female,ODI,South Africa,Australia,Australia,field,Australia,"Adelaide Oval, Adelaide"
75,1415982,2024,2024-01-23,Ireland Women tour of Zimbabwe,female,ODI,Ireland,Zimbabwe,Zimbabwe,field,Ireland,"Harare Sports Club, Harare"
76,1415981,2024,2024-01-21,Ireland Women tour of Zimbabwe,female,ODI,Zimbabwe,Ireland,Ireland,field,tie,"Harare Sports Club, Harare"
77,1415980,2024,2024-01-18,Ireland Women tour of Zimbabwe,female,ODI,Zimbabwe,Ireland,Ireland,field,Ireland,"Harare Sports Club, Harare"
78,1406080,2024,2024-01-02,Australia Women tour of India,female,ODI,Australia,India,Australia,bat,Australia,"Wankhede Stadium, Mumbai"
79,1406079,2023,2023-12-30,Australia Women tour of India,female,ODI,Australia,India,Australia,bat,Australia,"Wankhede Stadium, Mumbai"
80,1406078,2023,2023-12-28,Australia Women tour of India,female,ODI,India,Australia,India,bat,Australia,"Wankhede Stadium, Mumbai"
81,1398260,2023,2023-12-23,Bangladesh Women tour of South Africa,female,ODI,South Africa,Bangladesh,South Africa,bat,South Africa,"Willowmoore Park, Benoni"
82,1398259,2023,2023-12-20,Bangladesh Women tour of South Africa,female,ODI,Bangladesh,South Africa,South Africa,field,South Africa,"Senwes Park, Potchefstroom"
83,1388201,2023,2023-12-18,Pakistan Women tour of New Zealand,female,ODI,New Zealand,Pakistan,New Zealand,bat,Pakistan,"Hagley Oval, Christchurch"
84,1398258,2023,2023-12-16,Bangladesh Women tour of South Africa,female,ODI,Bangladesh,South Africa,South Africa,field,Bangladesh,"Buffalo Park, East London"
85,1388200,2023,2023-12-15,Pakistan Women tour of New Zealand,female,ODI,Pakistan,New Zealand,New Zealand,field,New Zealand,"Hagley Oval, Christchurch"
86,1388199,2023,2023-12-12,Pakistan Women tour of New Zealand,female,ODI,New Zealand,Pakistan,Pakistan,field,New Zealand,"John Davies Oval, Queenstown"
87,1405126,2023,2023-11-10,Pakistan Women tour of Bangladesh,female,ODI,Pakistan,Bangladesh,Pakistan,bat,Bangladesh,"Shere Bangla National Stadium, Mirpur, Dhaka"
88,1405125,2023,2023-11-07,Pakistan Women tour of Bangladesh,female,ODI,Bangladesh,Pakistan,Bangladesh,bat,Bangladesh,"Shere Bangla National Stadium, Mirpur, Dhaka"
89,1405124,2023,2023-11-04,Pakistan Women tour of Bangladesh,female,ODI,Bangladesh,Pakistan,Bangladesh,bat,Pakistan,"Shere Bangla National Stadium, Mirpur, Dhaka"
90,1403685,2023,2023-10-21,Ireland Women v Scotland Women,female,ODI,Ireland,Scotland,Ireland,bat,Ireland,"Desert Springs Cricket Ground, Almeria"
91,1403684,2023,2023-10-19,Ireland Women v Scotland Women,female,ODI,Ireland,Scotland,Ireland,bat,Ireland,"Desert Springs Cricket Ground, Almeria"
92,1403683,2023,2023-10-17,Ireland Women v Scotland Women,female,ODI,Scotland,Ireland,Ireland,field,Scotland,"Desert Springs Cricket Ground, Almeria"
93,1375868,2023,2023-10-14,West Indies Women tour of Australia,female,ODI,West Indies,Australia,Australia,field,Australia,"Junction Oval, Melbourne"
94,1375867,2023,2023-10-12,West Indies Women tour of Australia,female,ODI,West Indies,Australia,Australia,field,no result,"Junction Oval, Melbourne"
95,1375866,2023,2023-10-08,West Indies Women tour of Australia,female,ODI,West Indies,Australia,Australia,field,Australia,"Allan Border Field, Brisbane"
96,1392350,2023,2023-10-01,New Zealand Women tour of South Africa,female,ODI,South Africa,New Zealand,New Zealand,field,New Zealand,"Kingsmead, Durban"
97,1392349,2023,2023-09-28,New Zealand Women tour of South Africa,female,ODI,New Zealand,South Africa,South Africa,field,South Africa,"City Oval, Pietermaritzburg"
98,1392348,2023,2023-09-24,New Zealand Women tour of South Africa,female,ODI,New Zealand,South Africa,South Africa,field,South Africa,"Senwes Park, Potchefstroom"
99,1382171,2023,2023-09-14,South Africa Women tour of Pakistan,female,ODI,South Africa,Pakistan,South Africa,bat,Pakistan,"National Stadium, Karachi"
100,1336085,2023,2023-09-14,Sri Lanka Women tour of England,female,ODI,England,Sri Lanka,Sri Lanka,field,England,"Grace Road, Leicester"
101,1336084,2023,2023-09-12,Sri Lanka Women tour of England,female,ODI,Sri Lanka,England,England,field,no result,"County Ground, Northampton"
102,1382170,2023,2023-09-11,South Africa Women tour of Pakistan,female,ODI,Pakistan,South Africa,Pakistan,bat,South Africa,"National Stadium, Karachi"
103,1336083,2023,2023-09-09,Sri Lanka Women tour of England,female,ODI,Sri Lanka,England,England,field,England,"Riverside Ground, Chester-le-Street"
104,1382169,2023,2023-09-08,South Africa Women tour of Pakistan,female,ODI,South Africa,Pakistan,South Africa,bat,South Africa,"National Stadium, Karachi"
105,1378199,2023,2023-07-29,Australia Women tour of Ireland,female,ODI,Ireland,Australia,Australia,field,Australia,"Castle Avenue, Dublin"
106,1378198,2023,2023-07-25,Australia Women tour of Ireland,female,ODI,Australia,Ireland,Ireland,field,Australia,"Castle Avenue, Dublin"
107,1382168,2023,2023-07-22,ICC Women's Championship,female,ODI,Bangladesh,India,Bangladesh,bat,tie,"Shere Bangla National Stadium, Mirpur, Dhaka"
108,1382167,2023,2023-07-19,ICC Women's Championship,female,ODI,India,Bangladesh,Bangladesh,field,India,"Shere Bangla National Stadium, Mirpur, Dhaka"
109,1336079,2023,2023-07-18,Women's Ashes,female,ODI,England,Australia,Australia,field,England,"The Cooper Associates County Ground, Taunton"
110,1382166,2023,2023-07-16,ICC Women's Championship,female,ODI,Bangladesh,India,India,field,Bangladesh,"Shere Bangla National Stadium, Mirpur, Dhaka"
111,1336078,2023,2023-07-16,Women's Ashes,female,ODI,Australia,England,England,field,Australia,"The Rose Bowl, Southampton"
112,1336077,2023,2023-07-12,Women's Ashes,female,ODI,Australia,England,Australia,bat,England,"County Ground, Bristol"
113,1384544,2023,2023-07-07,Thailand Women tour of Netherlands,female,ODI,Thailand,Netherlands,Netherlands,field,Thailand,"VRA Cricket Ground, Amstelveen"
114,1384542,2023,2023-07-03,Thailand Women tour of Netherlands,female,ODI,Netherlands,Thailand,Thailand,field,Netherlands,"VRA Cricket Ground, Amstelveen"
115,1379759,2023,2023-07-03,ICC Women's Championship,female,ODI,New Zealand,Sri Lanka,New Zealand,bat,Sri Lanka,"Galle International Stadium, Galle"
116,1378193,2023,2023-07-01,Ireland Women tour of West Indies,female,ODI,Ireland,West Indies,Ireland,bat,West Indies,"Darren Sammy National Cricket Stadium, Gros Islet, St Lucia"
117,1379758,2023,2023-06-30,ICC Women's Championship,female,ODI,New Zealand,Sri Lanka,New Zealand,bat,New Zealand,"Galle International Stadium, Galle"
118,1378192,2023,2023-06-28,Ireland Women tour of West Indies,female,ODI,Ireland,West Indies,West Indies,field,no result,"Darren Sammy National Cricket Stadium, Gros Islet, St Lucia"
119,1379757,2023,2023-06-27,ICC Women's Championship,female,ODI,New Zealand,Sri Lanka,New Zealand,bat,Sri Lanka,"Galle International Stadium, Galle"
120,1378191,2023,2023-06-26,Ireland Women tour of West Indies,female,ODI,West Indies,Ireland,West Indies,bat,West Indies,"Darren Sammy National Cricket Stadium, Gros Islet, St Lucia"
121,1368851,2023,2023-05-04,Bangladesh Women tour of Sri Lanka,female,ODI,Sri Lanka,Bangladesh,Sri Lanka,bat,Sri Lanka,"Sinhalese Sports Club Ground, Colombo"
122,1368849,2023,2023-04-29,Bangladesh Women tour of Sri Lanka,female,ODI,Sri Lanka,Bangladesh,Sri Lanka,bat,no result,"P Sara Oval, Colombo"
123,1368832,2023,2023-04-23,Zimbabwe Women tour of Thailand,female,ODI,Zimbabwe,Thailand,Zimbabwe,bat,Thailand,"Terdthai Cricket Ground, Bangkok"
124,1368831,2023,2023-04-21,Zimbabwe Women tour of Thailand,female,ODI,Thailand,Zimbabwe,Zimbabwe,field,Thailand,"Terdthai Cricket Ground, Bangkok"
125,1368830,2023,2023-04-19,Zimbabwe Women tour of Thailand,female,ODI,Thailand,Zimbabwe,Thailand,bat,Thailand,"Terdthai Cricket Ground, Bangkok"
126,1345094,2023,2023-01-21,Pakistan Women tour of Australia,female,ODI,Australia,Pakistan,Pakistan,field,Australia,"North Sydney Oval, Sydney"
127,1345093,2023,2023-01-18,Pakistan Women tour of Australia,female,ODI,Pakistan,Australia,Pakistan,bat,Australia,"Allan Border Field, Brisbane"
128,1345092,2023,2023-01-16,Pakistan Women tour of Australia,female,ODI,Pakistan,Australia,Australia,field,Australia,"Allan Border Field, Brisbane"
129,1322343,2022,2022-12-17,Bangladesh Women tour of New Zealand,female,ODI,New Zealand,Bangladesh,Bangladesh,field,no result,"Seddon Park, Hamilton"
130,1322342,2022,2022-12-14,Bangladesh Women tour of New Zealand,female,ODI,Bangladesh,New Zealand,Bangladesh,bat,no result,"McLean Park, Napier"
131,1322341,2022,2022-12-11,Bangladesh Women tour of New Zealand,female,ODI,Bangladesh,New Zealand,Bangladesh,bat,New Zealand,"Basin Reserve, Wellington"
132,1343933,2022,2022-12-09,England Women tour of West Indies,female,ODI,England,West Indies,England,bat,England,"Sir Vivian Richards Stadium, North Sound, Antigua"
133,1343932,2022,2022-12-06,England Women tour of West Indies,female,ODI,England,West Indies,England,bat,England,"Sir Vivian Richards Stadium, North Sound, Antigua"
134,1343931,2022,2022-12-04,England Women tour of West Indies,female,ODI,England,West Indies,West Indies,field,England,"Sir Vivian Richards Stadium, North Sound, Antigua"
135,1344506,2022,2022-11-26,Netherlands Women tour of Thailand,female,ODI,Netherlands,Thailand,Netherlands,bat,Thailand,"Royal Chiangmai Golf Club, Chiang Mai"
136,1344505,2022,2022-11-24,Netherlands Women tour of Thailand,female,ODI,Thailand,Netherlands,Netherlands,field,Thailand,"Royal Chiangmai Golf Club, Chiang Mai"
137,1344504,2022,2022-11-22,Netherlands Women tour of Thailand,female,ODI,Thailand,Netherlands,Thailand,bat,Thailand,"Royal Chiangmai Golf Club, Chiang Mai"
138,1344503,2022,2022-11-20,Netherlands Women tour of Thailand,female,ODI,Thailand,Netherlands,Netherlands,field,Thailand,"Royal Chiangmai Golf Club, Chiang Mai"
139,1308235,2022,2022-11-09,Ireland Women tour of Pakistan,female,ODI,Ireland,Pakistan,Ireland,bat,Pakistan,"Gaddafi Stadium, Lahore"
140,1308234,2022,2022-11-06,Ireland Women tour of Pakistan,female,ODI,Ireland,Pakistan,Ireland,bat,Pakistan,"Gaddafi Stadium, Lahore"
141,1308233,2022,2022-11-04,Ireland Women tour of Pakistan,female,ODI,Pakistan,Ireland,Pakistan,bat,Pakistan,"Gaddafi Stadium, Lahore"
142,1334414,2022,2022-09-25,New Zealand Women tour of West Indies,female,ODI,New Zealand,West Indies,New Zealand,bat,West Indies,"Sir Vivian Richards Stadium, North Sound, Antigua"
143,1301339,2022,2022-09-24,India Women tour of England,female,ODI,India,England,England,field,India,"Lord's, London"
144,1334413,2022,2022-09-22,New Zealand Women tour of West Indies,female,ODI,West Indies,New Zealand,West Indies,bat,New Zealand,"Sir Vivian Richards Stadium, North Sound, Antigua"
145,1301338,2022,2022-09-21,India Women tour of England,female,ODI,India,England,England,field,India,"St Lawrence Ground, Canterbury"
146,1334412,2022,2022-09-19,New Zealand Women tour of West Indies,female,ODI,West Indies,New Zealand,New Zealand,field,New Zealand,"Sir Vivian Richards Stadium, North Sound, Antigua"
147,1301337,2022,2022-09-18,India Women tour of England,female,ODI,England,India,India,field,India,"County Ground, Hove, Brighton"
148,1328487,2022,2022-08-26,Ireland Women tour of Netherlands,female,ODI,Netherlands,Ireland,Netherlands,bat,Ireland,"Sportpark Westvliet, Voorburg, The Hague"
149,1328486,2022,2022-08-24,Ireland Women tour of Netherlands,female,ODI,Ireland,Netherlands,Netherlands,field,Ireland,"VRA Cricket Ground, Amstelveen"
150,1328485,2022,2022-08-22,Ireland Women tour of Netherlands,female,ODI,Netherlands,Ireland,Ireland,field,Ireland,"VRA Cricket Ground, Amstelveen"
151,1301330,2022,2022-07-18,South Africa Women tour of England,female,ODI,England,South Africa,South Africa,field,England,"Grace Road, Leicester"
152,1301329,2022,2022-07-15,South Africa Women tour of England,female,ODI,England,South Africa,England,bat,England,"County Ground, Bristol"
153,1301328,2022,2022-07-11,South Africa Women tour of England,female,ODI,South Africa,England,South Africa,bat,England,"County Ground, Northampton"
154,1319714,2022,2022-07-07,India Women tour of Sri Lanka,female,ODI,India,Sri Lanka,Sri Lanka,field,India,Pallekele International Cricket Stadium
155,1319713,2022,2022-07-04,India Women tour of Sri Lanka,female,ODI,Sri Lanka,India,India,field,India,Pallekele International Cricket Stadium
156,1319712,2022,2022-07-01,India Women tour of Sri Lanka,female,ODI,Sri Lanka,India,Sri Lanka,bat,India,Pallekele International Cricket Stadium
157,1316647,2022,2022-06-17,South Africa Women tour of Ireland,female,ODI,South Africa,Ireland,South Africa,bat,South Africa,"Castle Avenue, Dublin"
158,1316646,2022,2022-06-14,South Africa Women tour of Ireland,female,ODI,Ireland,South Africa,South Africa,field,South Africa,"Castle Avenue, Dublin"
159,1316645,2022,2022-06-11,South Africa Women tour of Ireland,female,ODI,Ireland,South Africa,Ireland,bat,South Africa,"Castle Avenue, Dublin"
160,1310986,2022,2022-06-05,Sri Lanka Women tour of Pakistan,female,ODI,Sri Lanka,Pakistan,Sri Lanka,bat,Sri Lanka,"Southend Club Cricket Stadium, Karachi"
161,1310985,2022,2022-06-03,Sri Lanka Women tour of Pakistan,female,ODI,Pakistan,Sri Lanka,Pakistan,bat,Pakistan,"Southend Club Cricket Stadium, Karachi"
162,1310984,2022,2022-06-01,Sri Lanka Women tour of Pakistan,female,ODI,Sri Lanka,Pakistan,Sri Lanka,bat,Pakistan,"Southend Club Cricket Stadium, Karachi"
163,1243938,2022,2022-04-03,ICC Women's World Cup,female,ODI,Australia,England,England,field,Australia,"Hagley Oval, Christchurch"
164,1243937,2022,2022-03-31,ICC Women's World Cup,female,ODI,England,South Africa,South Africa,field,England,"Hagley Oval, Christchurch"
165,1243936,2022,2022-03-30,ICC Women's World Cup,female,ODI,Australia,West Indies,West Indies,field,Australia,"Basin Reserve, Wellington"
166,1243935,2022,2022-03-27,ICC Women's World Cup,female,ODI,India,South Africa,India,bat,South Africa,"Hagley Oval, Christchurch"
167,1243934,2022,2022-03-27,ICC Women's World Cup,female,ODI,England,Bangladesh,England,bat,England,"Basin Reserve, Wellington"
168,1243933,2022,2022-03-26,ICC Women's World Cup,female,ODI,New Zealand,Pakistan,Pakistan,field,New Zealand,"Hagley Oval, Christchurch"
169,1243932,2022,2022-03-25,ICC Women's World Cup,female,ODI,Bangladesh,Australia,Australia,field,Australia,"Basin Reserve, Wellington"
170,1243931,2022,2022-03-24,ICC Women's World Cup,female,ODI,Pakistan,England,England,field,England,"Hagley Oval, Christchurch"
171,1243930,2022,2022-03-24,ICC Women's World Cup,female,ODI,South Africa,West Indies,West Indies,field,no result,"Basin Reserve, Wellington"
172,1243929,2022,2022-03-22,ICC Women's World Cup,female,ODI,India,Bangladesh,India,bat,India,"Seddon Park, Hamilton"
173,1243928,2022,2022-03-22,ICC Women's World Cup,female,ODI,South Africa,Australia,Australia,field,Australia,"Basin Reserve, Wellington"
174,1243927,2022,2022-03-21,ICC Women's World Cup,female,ODI,West Indies,Pakistan,Pakistan,field,Pakistan,"Seddon Park, Hamilton"
175,1243926,2022,2022-03-20,ICC Women's World Cup,female,ODI,New Zealand,England,England,field,England,"Eden Park, Auckland"
176,1243925,2022,2022-03-19,ICC Women's World Cup,female,ODI,India,Australia,Australia,field,Australia,"Eden Park, Auckland"
177,1243924,2022,2022-03-18,ICC Women's World Cup,female,ODI,West Indies,Bangladesh,Bangladesh,field,West Indies,"Bay Oval, Mount Maunganui"
178,1243923,2022,2022-03-17,ICC Women's World Cup,female,ODI,New Zealand,South Africa,New Zealand,bat,South Africa,"Seddon Park, Hamilton"
179,1243922,2022,2022-03-16,ICC Women's World Cup,female,ODI,India,England,England,field,England,"Bay Oval, Mount Maunganui"
180,1243921,2022,2022-03-15,ICC Women's World Cup,female,ODI,West Indies,Australia,West Indies,bat,Australia,"Basin Reserve, Wellington"
181,1243920,2022,2022-03-14,ICC Women's World Cup,female,ODI,Bangladesh,Pakistan,Pakistan,field,Bangladesh,"Seddon Park, Hamilton"
182,1243919,2022,2022-03-14,ICC Women's World Cup,female,ODI,England,South Africa,South Africa,field,South Africa,"Bay Oval, Mount Maunganui"
183,1243918,2022,2022-03-13,ICC Women's World Cup,female,ODI,Australia,New Zealand,New Zealand,field,Australia,"Basin Reserve, Wellington"
184,1243917,2022,2022-03-12,ICC Women's World Cup,female,ODI,India,West Indies,India,bat,India,"Seddon Park, Hamilton"
185,1243916,2022,2022-03-11,ICC Women's World Cup,female,ODI,South Africa,Pakistan,Pakistan,field,South Africa,"Bay Oval, Mount Maunganui"
186,1243915,2022,2022-03-10,ICC Women's World Cup,female,ODI,New Zealand,India,India,field,New Zealand,"Seddon Park, Hamilton"
187,1243914,2022,2022-03-09,ICC Women's World Cup,female,ODI,West Indies,England,West Indies,bat,West Indies,"University Oval, Dunedin"
188,1243913,2022,2022-03-08,ICC Women's World Cup,female,ODI,Pakistan,Australia,Australia,field,Australia,"Bay Oval, Mount Maunganui"
189,1243912,2022,2022-03-07,ICC Women's World Cup,female,ODI,Bangladesh,New Zealand,New Zealand,field,New Zealand,"University Oval, Dunedin"
190,1243911,2022,2022-03-06,ICC Women's World Cup,female,ODI,India,Pakistan,India,bat,India,"Bay Oval, Mount Maunganui"
191,1243910,2022,2022-03-05,ICC Women's World Cup,female,ODI,Australia,England,England,field,Australia,"Seddon Park, Hamilton"
192,1243909,2022,2022-03-05,ICC Women's World Cup,female,ODI,South Africa,Bangladesh,Bangladesh,field,South Africa,"University Oval, Dunedin"
193,1243908,2022,2022-03-04,ICC Women's World Cup,female,ODI,West Indies,New Zealand,New Zealand,field,West Indies,"Bay Oval, Mount Maunganui"
194,1289036,2022,2022-02-24,India Women tour of New Zealand,female,ODI,New Zealand,India,New Zealand,bat,India,"John Davies Oval, Queenstown"
195,1289035,2022,2022-02-22,India Women tour of New Zealand,female,ODI,New Zealand,India,India,field,New Zealand,"John Davies Oval, Queenstown"
196,1289034,2022,2022-02-18,India Women tour of New Zealand,female,ODI,India,New Zealand,New Zealand,field,New Zealand,"John Davies Oval, Queenstown"
197,1289033,2022,2022-02-15,India Women tour of New Zealand,female,ODI,India,New Zealand,India,bat,New Zealand,"John Davies Oval, Queenstown"
198,1289032,2022,2022-02-12,India Women tour of New Zealand,female,ODI,New Zealand,India,India,field,New Zealand,"John Davies Oval, Queenstown"
199,1263577,2022,2022-02-08,Women's Ashes,female,ODI,England,Australia,England,bat,Australia,"Junction Oval, Melbourne"
200,1277095,2022,2022-02-06,West Indies Women tour of South Africa,female,ODI,West Indies,South Africa,West Indies,bat,South Africa,"The Wanderers Stadium, Johannesburg"
201,1263576,2022,2022-02-06,Women's Ashes,female,ODI,England,Australia,Australia,field,Australia,"Junction Oval, Melbourne"
202,1277094,2022,2022-02-03,West Indies Women tour of South Africa,female,ODI,South Africa,West Indies,South Africa,bat,South Africa,"The Wanderers Stadium, Johannesburg"
203,1263575,2022,2022-02-03,Women's Ashes,female,ODI,Australia,England,England,field,Australia,"Manuka Oval, Canberra"
204,1277093,2022,2022-01-31,West Indies Women tour of South Africa,female,ODI,South Africa,West Indies,West Indies,field,West Indies,"The Wanderers Stadium, Johannesburg"
205,1277092,2022,2022-01-28,West Indies Women tour of South Africa,female,ODI,West Indies,South Africa,South Africa,field,no result,"The Wanderers Stadium, Johannesburg"
206,1286915,2021,2021-11-27,ICC Women's Cricket World Cup Qualifier,female,ODI,Pakistan,Zimbabwe,Zimbabwe,field,Pakistan,"Sunrise Sports Club, Harare"
207,1286901,2021,2021-11-21,ICC Women's Cricket World Cup Qualifier,female,ODI,Pakistan,Bangladesh,Bangladesh,field,Bangladesh,"Old Hararians Sports Club, Harare"
208,1288322,2021,2021-11-15,Bangladesh Women in Zimbabwe ODI Series,female,ODI,Zimbabwe,Bangladesh,Zimbabwe,bat,Bangladesh,"Queens Sports Club, Bulawayo"
209,1288211,2021,2021-11-14,West Indies Women tour of Pakistan,female,ODI,Pakistan,West Indies,West Indies,field,West Indies,"National Stadium, Karachi"
210,1288210,2021,2021-11-11,West Indies Women tour of Pakistan,female,ODI,West Indies,Pakistan,Pakistan,field,West Indies,"National Stadium, Karachi"
211,1288209,2021,2021-11-08,West Indies Women tour of Pakistan,female,ODI,West Indies,Pakistan,Pakistan,field,West Indies,"National Stadium, Karachi"
212,1281420,2021,2021-10-11,Ireland Women tour of Zimbabwe,female,ODI,Ireland,Zimbabwe,Zimbabwe,field,Ireland,"Harare Sports Club, Harare"
213,1281419,2021,2021-10-09,Ireland Women tour of Zimbabwe,female,ODI,Zimbabwe,Ireland,Zimbabwe,bat,Ireland,"Harare Sports Club, Harare"
214,1281418,2021,2021-10-07,Ireland Women tour of Zimbabwe,female,ODI,Ireland,Zimbabwe,Zimbabwe,field,Ireland,"Harare Sports Club, Harare"
215,1281417,2021,2021-10-05,Ireland Women tour of Zimbabwe,female,ODI,Ireland,Zimbabwe,Zimbabwe,field,Zimbabwe,"Harare Sports Club, Harare"
216,1263619,2021,2021-09-26,India Women tour of Australia,female,ODI,Australia,India,Australia,bat,India,"Ray Mitchell Oval, Harrup Park, Mackay"
217,1260107,2021,2021-09-26,New Zealand Women tour of England,female,ODI,England,New Zealand,New Zealand,field,England,"St Lawrence Ground, Canterbury"
218,1263618,2021,2021-09-24,India Women tour of Australia,female,ODI,India,Australia,Australia,field,Australia,"Ray Mitchell Oval, Harrup Park, Mackay"
219,1260106,2021,2021-09-23,New Zealand Women tour of England,female,ODI,New Zealand,England,England,field,England,"County Ground, Derby"
220,1263617,2021,2021-09-21,India Women tour of Australia,female,ODI,India,Australia,Australia,field,Australia,"Ray Mitchell Oval, Harrup Park, Mackay"
221,1260105,2021,2021-09-21,New Zealand Women tour of England,female,ODI,England,New Zealand,New Zealand,field,New Zealand,"Grace Road, Leicester"
222,1273422,2021,2021-09-19,South Africa Women tour of West Indies,female,ODI,West Indies,South Africa,West Indies,bat,West Indies,"Sir Vivian Richards Stadium, North Sound, Antigua"
223,1260104,2021,2021-09-19,New Zealand Women tour of England,female,ODI,England,New Zealand,New Zealand,field,England,"County Ground, New Road, Worcester"
224,1273421,2021,2021-09-16,South Africa Women tour of West Indies,female,ODI,South Africa,West Indies,West Indies,field,South Africa,"Sir Vivian Richards Stadium, North Sound, Antigua"
225,1260103,2021,2021-09-16,New Zealand Women tour of England,female,ODI,England,New Zealand,New Zealand,field,England,"County Ground, Bristol"
226,1273420,2021,2021-09-13,South Africa Women tour of West Indies,female,ODI,West Indies,South Africa,South Africa,field,South Africa,"Coolidge Cricket Ground, Antigua, Coolidge"
227,1273419,2021,2021-09-10,South Africa Women tour of West Indies,female,ODI,West Indies,South Africa,West Indies,bat,South Africa,"Coolidge Cricket Ground, Antigua, Coolidge"
228,1273418,2021,2021-09-07,South Africa Women tour of West Indies,female,ODI,West Indies,South Africa,West Indies,bat,South Africa,"Coolidge Cricket Ground, Antigua, Coolidge"
229,1267329,2021,2021-07-18,Pakistan Women tour of West Indies,female,ODI,Pakistan,West Indies,West Indies,field,Pakistan,"Coolidge Cricket Ground, Antigua, Coolidge"
230,1267328,2021,2021-07-15,Pakistan Women tour of West Indies,female,ODI,West Indies,Pakistan,Pakistan,field,Pakistan,"Sir Vivian Richards Stadium, North Sound, Antigua"
231,1267327,2021,2021-07-12,Pakistan Women tour of West Indies,female,ODI,Pakistan,West Indies,West Indies,field,West Indies,"Sir Vivian Richards Stadium, North Sound, Antigua"
232,1267326,2021,2021-07-09,Pakistan Women tour of West Indies,female,ODI,Pakistan,West Indies,Pakistan,bat,West Indies,"Coolidge Cricket Ground, Antigua, Coolidge"
233,1267325,2021,2021-07-07,Pakistan Women tour of West Indies,female,ODI,Pakistan,West Indies,West Indies,field,West Indies,"Coolidge Cricket Ground, Antigua, Coolidge"
234,1260096,2021,2021-07-03,India Women tour of England,female,ODI,England,India,India,field,India,"County Ground, New Road, Worcester"
235,1260095,2021,2021-06-30,India Women tour of England,female,ODI,India,England,England,field,England,"The Cooper Associates County Ground, Taunton"
236,1260094,2021,2021-06-27,India Women tour of England,female,ODI,India,England,England,field,England,"County Ground, Bristol"
237,1249243,2021,2021-04-10,Australia Women tour of New Zealand,female,ODI,Australia,New Zealand,New Zealand,field,Australia,"Bay Oval, Mount Maunganui"
238,1249242,2021,2021-04-07,Australia Women tour of New Zealand,female,ODI,Australia,New Zealand,New Zealand,field,Australia,"Bay Oval, Mount Maunganui"
239,1249241,2021,2021-04-04,Australia Women tour of New Zealand,female,ODI,New Zealand,Australia,Australia,field,Australia,"Bay Oval, Mount Maunganui"
240,1253271,2021,2021-03-17,South Africa Women tour of India,female,ODI,India,South Africa,South Africa,field,South Africa,"Bharat Ratna Shri Atal Bihari Vajpayee Ekana Cricket Stadium, Lucknow"
241,1253270,2021,2021-03-14,India Women v South Africa Women,female,ODI,India,South Africa,South Africa,field,South Africa,"Bharat Ratna Shri Atal Bihari Vajpayee Ekana Cricket Stadium, Lucknow"
242,1253269,2021,2021-03-12,India Women v South Africa Women,female,ODI,India,South Africa,South Africa,field,South Africa,"Bharat Ratna Shri Atal Bihari Vajpayee Ekana Cricket Stadium, Lucknow"
243,1253268,2021,2021-03-09,South Africa Women tour of India,female,ODI,South Africa,India,India,field,India,"Bharat Ratna Shri Atal Bihari Vajpayee Ekana Cricket Stadium, Lucknow"
244,1253267,2021,2021-03-07,South Africa Women tour of India,female,ODI,India,South Africa,South Africa,field,South Africa,"Bharat Ratna Shri Atal Bihari Vajpayee Ekana Cricket Stadium, Lucknow"
245,1249234,2021,2021-02-28,England Women tour of New Zealand,female,ODI,England,New Zealand,England,bat,New Zealand,"University Oval, Dunedin"
246,1249233,2021,2021-02-26,England Women tour of New Zealand,female,ODI,New Zealand,England,New Zealand,bat,England,"University Oval, Dunedin"
247,1249232,2021,2021-02-23,England Women tour of New Zealand,female,ODI,New Zealand,England,New Zealand,bat,England,"Hagley Oval, Christchurch"
248,1244845,2021,2021-01-26,Pakistan Women tour of South Africa,female,ODI,South Africa,Pakistan,Pakistan,field,South Africa,"Kingsmead, Durban"
249,1244844,2021,2021-01-23,Pakistan Women tour of South Africa,female,ODI,South Africa,Pakistan,Pakistan,field,South Africa,"Kingsmead, Durban"
250,1244843,2021,2021-01-20,Pakistan Women tour of South Africa,female,ODI,South Africa,Pakistan,Pakistan,field,South Africa,"Kingsmead, Durban"
251,1223946,2020,2020-10-07,New Zealand Women tour of Australia,female,ODI,Australia,New Zealand,New Zealand,field,Australia,"Allan Border Field, Brisbane"
252,1223945,2020,2020-10-05,New Zealand Women tour of Australia,female,ODI,New Zealand,Australia,Australia,field,Australia,"Allan Border Field, Brisbane"
253,1223944,2020,2020-10-03,New Zealand Women tour of Australia,female,ODI,New Zealand,Australia,Australia,field,Australia,"Allan Border Field, Brisbane"
254,1187716,2020,2020-01-30,South Africa Women in New Zealand ODI Series,female,ODI,New Zealand,South Africa,South Africa,field,South Africa,"Seddon Park, Hamilton"
255,1187715,2020,2020-01-27,South Africa Women in New Zealand ODI Series,female,ODI,New Zealand,South Africa,New Zealand,bat,South Africa,"Eden Park Outer Oval, Auckland"
256,1187714,2020,2020-01-25,South Africa Women in New Zealand ODI Series,female,ODI,New Zealand,South Africa,South Africa,field,South Africa,"Eden Park Outer Oval, Auckland"
257,1208346,2019,2019-12-14,England Women ODI tour of Malaysia,female,ODI,England,Pakistan,England,field,no result,"Kinrara Academy Oval, Kuala Lumpur"
258,1208345,2019,2019-12-12,England Women ODI tour of Malaysia,female,ODI,England,Pakistan,England,bat,England,"Kinrara Academy Oval, Kuala Lumpur"
259,1208344,2019,2019-12-09,England Women ODI tour of Malaysia,female,ODI,England,Pakistan,England,bat,England,"Kinrara Academy Oval, Kuala Lumpur"
260,1202251,2019,2019-11-06,India Women tour of West Indies,female,ODI,West Indies,India,West Indies,bat,India,"Sir Vivian Richards Stadium, North Sound, Antigua"
261,1202250,2019,2019-11-03,India Women tour of West Indies,female,ODI,West Indies,India,India,bat,India,"Sir Vivian Richards Stadium, North Sound, Antigua"
262,1202249,2019,2019-11-01,India Women in West Indies,female,ODI,West Indies,India,West Indies,bat,West Indies,"Sir Vivian Richards Stadium, North Sound, Antigua"
263,1200182,2019,2019-10-14,South Africa Women tour of India,female,ODI,India,South Africa,India,bat,India,"Reliance Stadium, Vadodara"
264,1200181,2019,2019-10-11,South Africa Women tour of India,female,ODI,India,South Africa,India,field,India,"Reliance Stadium, Vadodara"
265,1200180,2019,2019-10-09,South Africa Women tour of India,female,ODI,India,South Africa,South Africa,bat,India,"Reliance Stadium, Vadodara"
266,1183515,2019,2019-10-09,ICC Women's Championship,female,ODI,Australia,Sri Lanka,Sri Lanka,bat,Australia,"Allan Border Field, Brisbane"
267,1183514,2019,2019-10-07,ICC Women's Championship,female,ODI,Australia,Sri Lanka,Australia,bat,Australia,"Allan Border Field, Brisbane"
268,1183513,2019,2019-10-05,ICC Women's Championship,female,ODI,Australia,Sri Lanka,Australia,bat,Australia,"Allan Border Field, Brisbane"
269,1198474,2019,2019-09-11,ICC Women's Championship,female,ODI,West Indies,Australia,West Indies,bat,Australia,"Sir Vivian Richards Stadium, North Sound, Antigua"
270,1198472,2019,2019-09-05,Australia Women tour of West Indies,female,ODI,Australia,West Indies,West Indies,field,Australia,"Coolidge Cricket Ground, Antigua, Coolidge"
271,1168024,2019,2019-07-07,Australia Women tour of England,female,ODI,England,Australia,England,field,Australia,"St Lawrence Ground, Canterbury"
272,1168023,2019,2019-07-04,Australia Women tour of England,female,ODI,England,Australia,England,bat,Australia,"Grace Road, Leicester"
273,1168022,2019,2019-07-02,Australia Women tour of England,female,ODI,England,Australia,Australia,field,Australia,"Grace Road, Leicester"
274,1168018,2019,2019-06-13,ICC Women's Championship,female,ODI,England,West Indies,West Indies,field,England,"County Ground, Chelmsford"
275,1168017,2019,2019-06-09,ICC Women's Championship,female,ODI,England,West Indies,England,bat,England,"County Ground, New Road, Worcester"
276,1168016,2019,2019-06-06,ICC Women's Championship,female,ODI,England,West Indies,England,bat,England,"Grace Road, Leicester"
277,1177017,2019,2019-05-12,Pakistan Women tour of South Africa,female,ODI,South Africa,Pakistan,Pakistan,field,tie,"Willowmoore Park, Benoni"
278,1177016,2019,2019-05-09,Pakistan Women tour of South Africa,female,ODI,South Africa,Pakistan,South Africa,field,South Africa,"Senwes Park, Potchefstroom"
279,1177015,2019,2019-05-06,Pakistan Women tour of South Africa,female,ODI,South Africa,Pakistan,Pakistan,field,Pakistan,"Senwes Park, Potchefstroom"
280,1176434,2019,2019-03-21,England Women in Sri Lanka ODI Series,female,ODI,Sri Lanka,England,Sri Lanka,bat,England,"FTZ Sports Complex (BOI), Katunayake"
281,1176433,2019,2019-03-18,England Women in Sri Lanka ODI Series,female,ODI,Sri Lanka,England,Sri Lanka,bat,England,"Mahinda Rajapaksa International Cricket Stadium, Sooriyawewa, Hambantota"
282,1176432,2019,2019-03-16,England Women in Sri Lanka ODI Series,female,ODI,Sri Lanka,England,Sri Lanka,field,England,"Mahinda Rajapaksa International Cricket Stadium, Sooriyawewa, Hambantota"
283,1144984,2019,2019-03-03,Rose Bowl,female,ODI,Australia,New Zealand,New Zealand,bat,Australia,"Junction Oval, Melbourne"
284,1172162,2019,2019-02-28,England Women tour of India,female,ODI,India,England,India,bat,England,"Wankhede Stadium, Mumbai"
285,1172161,2019,2019-02-25,England Women tour of India,female,ODI,India,England,England,bat,India,"Wankhede Stadium, Mumbai"
286,1144983,2019,2019-02-24,Rose Bowl,female,ODI,Australia,New Zealand,New Zealand,field,Australia,"Karen Rolton Oval, Adelaide"
287,1172160,2019,2019-02-22,England Women tour of India,female,ODI,India,England,England,field,India,"Wankhede Stadium, Mumbai"
288,1144982,2019,2019-02-22,Rose Bowl,female,ODI,Australia,New Zealand,New Zealand,field,Australia,"W.A.C.A. Ground, Perth"
289,1168166,2019,2019-02-17,Sri Lanka in South Africa ODI Series,female,ODI,South Africa,Sri Lanka,Sri Lanka,bat,South Africa,"Senwes Park, Potchefstroom"
290,1168165,2019,2019-02-14,Sri Lanka in South Africa ODI Series,female,ODI,South Africa,Sri Lanka,Sri Lanka,field,South Africa,"Senwes Park, Potchefstroom"
291,1168164,2019,2019-02-11,Sri Lanka in South Africa ODI Series,female,ODI,South Africa,Sri Lanka,Sri Lanka,field,South Africa,"Senwes Park, Potchefstroom"
292,1172211,2019,2019-02-09,Pakistan vs West Indies ODI Series,female,ODI,Pakistan,West Indies,Pakistan,bat,Pakistan,"ICC Global Cricket Academy, Dubai"
293,1172210,2019,2019-02-07,Pakistan vs West Indies ODI Series,female,ODI,Pakistan,West Indies,West Indies,bat,West Indies,"Dubai International Cricket Stadium, Dubai"
294,1153857,2019,2019-02-01,India in New Zealand ODI Series,female,ODI,New Zealand,India,New Zealand,field,New Zealand,"Seddon Park, Hamilton"
295,1153856,2019,2019-01-29,India in New Zealand ODI Series,female,ODI,New Zealand,India,India,field,India,"Bay Oval, Mount Maunganui"
296,1153855,2019,2019-01-24,India in New Zealand ODI Series,female,ODI,New Zealand,India,India,field,India,"McLean Park, Napier"
297,1161230,2018,2018-10-22,ICC Women's Championship,female,ODI,Australia,Pakistan,Australia,bat,Australia,"Kinrara Academy Oval, Kuala Lumpur"
298,1161229,2018,2018-10-20,ICC Women's Championship,female,ODI,Australia,Pakistan,Australia,bat,Australia,"Kinrara Academy Oval, Kuala Lumpur"
299,1161228,2018,2018-10-18,ICC Women's Championship,female,ODI,Pakistan,Australia,Pakistan,bat,Australia,"Kinrara Academy Oval, Kuala Lumpur"
300,1156214,2018,2018-09-22,ICC Women's Championship,female,ODI,West Indies,South Africa,West Indies,bat,West Indies,"Kensington Oval, Barbados, Bridgetown"
301,1157708,2018,2018-09-16,ICC Women's Championship,female,ODI,India,Sri Lanka,Sri Lanka,field,Sri Lanka,"Chilaw Marians Cricket Club Ground, FTZ Sports Complex"
302,1156212,2018,2018-09-16,ICC Women's Championship,female,ODI,South Africa,West Indies,West Indies,field,South Africa,"Kensington Oval, Barbados, Bridgetown"
303,1157707,2018,2018-09-13,ICC Women's Championship,female,ODI,India,Sri Lanka,India,bat,India,"Galle International Stadium, Galle"
304,1157706,2018,2018-09-11,ICC Women's Championship,female,ODI,Sri Lanka,India,Sri Lanka,bat,India,"Galle International Stadium, Galle"
305,1126729,2018,2018-07-13,ICC Women's Championship,female,ODI,England,New Zealand,England,bat,New Zealand,"Grace Road, Leicester"
306,1126728,2018,2018-07-10,ICC Women's Championship,female,ODI,England,New Zealand,England,bat,England,"County Ground, Derby"
307,1126727,2018,2018-07-07,ICC Women's Championship,female,ODI,England,New Zealand,England,bat,England,"Headingley, Leeds"
308,1126719,2018,2018-06-15,ICC Women's Championship,female,ODI,South Africa,England,South Africa,bat,England,"St Lawrence Ground, Canterbury"
309,1126718,2018,2018-06-12,ICC Women's Championship,female,ODI,England,South Africa,South Africa,field,England,"County Ground, Hove, Brighton"
310,1145892,2018,2018-06-10,New Zealand Women tour of Ireland and England,female,ODI,New Zealand,Ireland,New Zealand,bat,New Zealand,"The Vineyard, Dublin"
311,1126717,2018,2018-06-09,ICC Women's Championship,female,ODI,England,South Africa,England,bat,South Africa,"County Ground, New Road, Worcester"
312,1144439,2018,2018-05-14,Bangladesh Women tour of South Africa,female,ODI,Bangladesh,South Africa,South Africa,field,South Africa,"Mangaung Oval, Bloemfontein"
313,1144438,2018,2018-05-11,Bangladesh Women tour of South Africa,female,ODI,South Africa,Bangladesh,South Africa,bat,South Africa,"Diamond Oval, Kimberley"
314,1144437,2018,2018-05-09,Bangladesh Women tour of South Africa,female,ODI,Bangladesh,South Africa,South Africa,field,South Africa,"Diamond Oval, Kimberley"
315,1144436,2018,2018-05-06,Bangladesh Women tour of South Africa,female,ODI,Bangladesh,South Africa,Bangladesh,bat,South Africa,"Senwes Park, Potchefstroom"
316,1144435,2018,2018-05-04,Bangladesh Women tour of South Africa,female,ODI,South Africa,Bangladesh,South Africa,bat,South Africa,"Senwes Park, Potchefstroom"
317,1131778,2018,2018-04-12,England Women tour of India,female,ODI,England,India,England,bat,India,"Vidarbha Cricket Association Stadium, Jamtha, Nagpur"
318,1131777,2018,2018-04-09,England Women tour of India,female,ODI,India,England,India,bat,England,"Vidarbha Cricket Association Stadium, Jamtha, Nagpur"
319,1138201,2018,2018-03-24,ICC Women's Championship,female,ODI,Pakistan,Sri Lanka,Pakistan,bat,Pakistan,"Rangiri Dambulla International Stadium, Dambulla"
320,1138200,2018,2018-03-22,ICC Women's Championship,female,ODI,Pakistan,Sri Lanka,Pakistan,bat,Pakistan,"Rangiri Dambulla International Stadium, Dambulla"
321,1131233,2018,2018-03-15,ICC Women's Championship,female,ODI,Australia,India,India,field,Australia,"Reliance Stadium, Vadodara"
322,1131232,2018,2018-03-12,ICC Women's Championship,female,ODI,India,Australia,India,bat,Australia,"Reliance Stadium, Vadodara"
323,1138193,2018,2018-03-11,ICC Women's Championship,female,ODI,New Zealand,West Indies,West Indies,field,New Zealand,"Hagley Oval, Christchurch"
324,1138192,2018,2018-03-08,ICC Women's Championship,female,ODI,West Indies,New Zealand,New Zealand,field,New Zealand,"Bert Sutcliffe Oval, Lincoln"
325,1138191,2018,2018-03-04,ICC Women's Championship,female,ODI,New Zealand,West Indies,West Indies,field,New Zealand,"Bert Sutcliffe Oval, Lincoln"
326,1123205,2018,2018-02-10,ICC Women's Championship,female,ODI,India,South Africa,India,bat,South Africa,"Senwes Park, Potchefstroom"
327,1123204,2018,2018-02-07,ICC Women's Championship,female,ODI,India,South Africa,South Africa,field,India,"Diamond Oval, Kimberley"
328,1122906,2017,2017-11-05,ICC Women's Championship,female,ODI,New Zealand,Pakistan,New Zealand,bat,Pakistan,"Sharjah Cricket Association Stadium, Sharjah"
329,1122905,2017,2017-11-02,ICC Women's Championship,female,ODI,Pakistan,New Zealand,Pakistan,bat,New Zealand,"Sharjah Cricket Association Stadium, Sharjah"
330,1122904,2017,2017-10-31,ICC Women's Championship,female,ODI,New Zealand,Pakistan,New Zealand,bat,New Zealand,"Sharjah Cricket Association Stadium, Sharjah"
331,1086064,2017,2017-10-26,ICC Women's Championship,female,ODI,Australia,England,England,field,Australia,"International Sports Stadium, Coffs Harbour"
332,1086063,2017,2017-10-22,ICC Women's Championship,female,ODI,England,Australia,Australia,field,Australia,"Allan Border Field, Brisbane"
333,1085975,2017,2017-07-23,ICC Women's World Cup,female,ODI,England,India,England,bat,England,"Lord's, London"
334,1085974,2017,2017-07-20,ICC Women's World Cup,female,ODI,India,Australia,India,bat,India,"County Ground, Derby"
335,1085973,2017,2017-07-18,ICC Women's World Cup,female,ODI,South Africa,England,South Africa,bat,England,"County Ground, Bristol"
336,1085972,2017,2017-07-15,ICC Women's World Cup,female,ODI,Pakistan,Sri Lanka,Sri Lanka,bat,Sri Lanka,"Grace Road, Leicester"
337,1085971,2017,2017-07-15,ICC Women's World Cup,female,ODI,India,New Zealand,New Zealand,field,India,"County Ground, Derby"
338,1085970,2017,2017-07-15,ICC Women's World Cup,female,ODI,England,West Indies,West Indies,field,England,"County Ground, Bristol"
339,1085969,2017,2017-07-15,ICC Women's World Cup,female,ODI,Australia,South Africa,Australia,bat,Australia,"County Ground, Taunton"
340,1085968,2017,2017-07-12,ICC Women's World Cup,female,ODI,England,New Zealand,England,bat,England,"County Ground, Derby"
341,1085967,2017,2017-07-12,ICC Women's World Cup,female,ODI,Australia,India,Australia,field,Australia,"County Ground, Bristol"
342,1085966,2017,2017-07-12,ICC Women's World Cup,female,ODI,South Africa,Sri Lanka,Sri Lanka,bat,South Africa,"County Ground, Taunton"
343,1085965,2017,2017-07-11,ICC Women's World Cup,female,ODI,Pakistan,West Indies,Pakistan,field,West Indies,"Grace Road, Leicester"
344,1085964,2017,2017-07-09,ICC Women's World Cup,female,ODI,Sri Lanka,West Indies,Sri Lanka,field,West Indies,"County Ground, Derby"
345,1085963,2017,2017-07-09,ICC Women's World Cup,female,ODI,England,Australia,England,bat,England,"County Ground, Bristol"
346,1085962,2017,2017-07-08,ICC Women's World Cup,female,ODI,India,South Africa,India,field,South Africa,"Grace Road, Leicester"
347,1085961,2017,2017-07-08,ICC Women's World Cup,female,ODI,New Zealand,Pakistan,Pakistan,bat,New Zealand,"County Ground, Taunton"
348,1085960,2017,2017-07-06,ICC Women's World Cup,female,ODI,New Zealand,West Indies,New Zealand,field,New Zealand,"County Ground, Taunton"
349,1085959,2017,2017-07-05,ICC Women's World Cup,female,ODI,Australia,Pakistan,Australia,bat,Australia,"Grace Road, Leicester"
350,1085958,2017,2017-07-05,ICC Women's World Cup,female,ODI,India,Sri Lanka,India,bat,India,"County Ground, Derby"
351,1085957,2017,2017-07-05,ICC Women's World Cup,female,ODI,England,South Africa,England,bat,England,"County Ground, Bristol"
352,1085956,2017,2017-07-02,ICC Women's World Cup,female,ODI,South Africa,West Indies,South Africa,field,South Africa,"Grace Road, Leicester"
353,1085955,2017,2017-07-02,ICC Women's World Cup,female,ODI,India,Pakistan,India,bat,India,"County Ground, Derby"
354,1085954,2017,2017-07-02,ICC Women's World Cup,female,ODI,Australia,New Zealand,New Zealand,bat,Australia,"County Ground, Bristol"
355,1085953,2017,2017-07-02,ICC Women's World Cup,female,ODI,England,Sri Lanka,Sri Lanka,bat,England,"County Ground, Taunton"
356,1085952,2017,2017-06-29,ICC Women's World Cup,female,ODI,Australia,Sri Lanka,Australia,field,Australia,"County Ground, Bristol"
357,1085951,2017,2017-06-29,ICC Women's World Cup,female,ODI,India,West Indies,India,field,India,"County Ground, Taunton"
358,1085949,2017,2017-06-27,ICC Women's World Cup,female,ODI,England,Pakistan,Pakistan,field,England,"Grace Road, Leicester"
359,1085948,2017,2017-06-26,ICC Women's World Cup,female,ODI,Australia,West Indies,West Indies,bat,Australia,"County Ground, Taunton"
360,1085947,2017,2017-06-25,ICC Women's World Cup,female,ODI,Pakistan,South Africa,South Africa,field,South Africa,"Grace Road, Leicester"
361,1085946,2017,2017-06-24,ICC Women's World Cup,female,ODI,England,India,England,field,India,"County Ground, Derby"
362,1085945,2017,2017-06-24,ICC Women's World Cup,female,ODI,New Zealand,Sri Lanka,New Zealand,field,New Zealand,"County Ground, Bristol"
363,1089533,2017,2017-05-21,Women's Quadrangular Series (in South Africa),female,ODI,South Africa,India,India,field,India,"Senwes Park, Potchefstroom"
364,1089530,2017,2017-05-19,Women's Quadrangular Series (in South Africa),female,ODI,South Africa,Ireland,South Africa,bat,South Africa,"North-West University No1 Ground, Potchefstroom"
365,1089528,2017,2017-05-17,Women's Quadrangular Series (in South Africa),female,ODI,South Africa,India,India,field,South Africa,"Senwes Park, Potchefstroom"
366,1089524,2017,2017-05-11,Women's Quadrangular Series (in South Africa),female,ODI,South Africa,Ireland,South Africa,bat,South Africa,"Senwes Park, Potchefstroom"
367,1089522,2017,2017-05-09,Women's Quadrangular Series (in South Africa),female,ODI,South Africa,India,India,field,India,"North-West University No1 Ground, Potchefstroom"
368,1089521,2017,2017-05-07,Women's Quadrangular Series (in South Africa),female,ODI,India,Ireland,India,field,India,"North-West University No1 Ground, Potchefstroom"
369,1050627,2017,2017-03-05,Rose Bowl,female,ODI,New Zealand,Australia,Australia,field,Australia,"Bay Oval, Mount Maunganui"
370,1050625,2017,2017-03-02,Rose Bowl,female,ODI,New Zealand,Australia,Australia,field,Australia,"Bay Oval, Mount Maunganui"
371,1050623,2017,2017-02-26,Rose Bowl,female,ODI,New Zealand,Australia,Australia,bat,New Zealand,"Eden Park No 2, Auckland"
372,1073430,2017,2017-02-21,ICC Women's World Cup Qualifier,female,ODI,India,South Africa,South Africa,bat,India,"P Sara Oval, Colombo"
373,1073429,2017,2017-02-19,ICC Women's World Cup Qualifier,female,ODI,Ireland,South Africa,Ireland,bat,South Africa,Colombo Cricket Club Ground
374,1073428,2017,2017-02-19,ICC Women's World Cup Qualifier,female,ODI,Sri Lanka,Bangladesh,Bangladesh,field,Sri Lanka,"Nondescripts Cricket Club Ground, Colombo"
375,1073427,2017,2017-02-19,ICC Women's World Cup Qualifier,female,ODI,India,Pakistan,India,field,India,"P Sara Oval, Colombo"
376,1073426,2017,2017-02-17,ICC Women's World Cup Qualifier,female,ODI,Ireland,Pakistan,Pakistan,bat,Pakistan,Colombo Cricket Club Ground
377,1073425,2017,2017-02-17,ICC Women's World Cup Qualifier,female,ODI,Bangladesh,India,India,field,India,"Nondescripts Cricket Club Ground, Colombo"
378,1073424,2017,2017-02-17,ICC Women's World Cup Qualifier,female,ODI,Sri Lanka,South Africa,Sri Lanka,bat,South Africa,"P Sara Oval, Colombo"
379,1073423,2017,2017-02-15,ICC Women's World Cup Qualifier,female,ODI,Bangladesh,Ireland,Bangladesh,field,Bangladesh,Colombo Cricket Club Ground
380,1073422,2017,2017-02-15,ICC Women's World Cup Qualifier,female,ODI,Sri Lanka,Pakistan,Sri Lanka,field,Sri Lanka,"Nondescripts Cricket Club Ground, Colombo"
381,1073421,2017,2017-02-15,ICC Women's World Cup Qualifier,female,ODI,India,South Africa,South Africa,field,India,"P Sara Oval, Colombo"
382,1073413,2017,2017-02-11,ICC Women's World Cup Qualifier,female,ODI,Bangladesh,South Africa,Bangladesh,bat,South Africa,"P Sara Oval, Colombo"
383,1073411,2017,2017-02-10,ICC Women's World Cup Qualifier,female,ODI,India,Ireland,India,bat,India,"P Sara Oval, Colombo"
384,1073408,2017,2017-02-08,ICC Women's World Cup Qualifier,female,ODI,Bangladesh,Pakistan,Pakistan,bat,Pakistan,"P Sara Oval, Colombo"
385,1073405,2017,2017-02-08,ICC Women's World Cup Qualifier,female,ODI,Sri Lanka,Ireland,Sri Lanka,bat,Sri Lanka,"Nondescripts Cricket Club Ground, Colombo"
386,1073403,2017,2017-02-07,ICC Women's World Cup Qualifier,female,ODI,Pakistan,South Africa,South Africa,bat,South Africa,"Nondescripts Cricket Club Ground, Colombo"
387,1073401,2017,2017-02-07,ICC Women's World Cup Qualifier,female,ODI,Sri Lanka,India,India,bat,India,"P Sara Oval, Colombo"
388,1041525,2017,2017-01-20,South Africa Women in Bangladesh ODI Series,female,ODI,Bangladesh,South Africa,Bangladesh,bat,South Africa,"Sheikh Kamal International Cricket Stadium, Cox's Bazar"
389,1041523,2017,2017-01-18,South Africa Women in Bangladesh ODI Series,female,ODI,Bangladesh,South Africa,South Africa,bat,South Africa,"Sheikh Kamal International Cricket Stadium, Cox's Bazar"
390,1043961,2016,2016-11-29,South Africa Women in Australia ODI Series,female,ODI,Australia,South Africa,South Africa,field,Australia,"International Sports Stadium, Coffs Harbour"
391,1043955,2016,2016-11-20,ICC Women's Championship,female,ODI,Australia,South Africa,Australia,bat,Australia,"Manuka Oval, Canberra"
392,1059196,2016,2016-11-18,ICC Women's Championship,female,ODI,Sri Lanka,England,England,bat,England,"R.Premadasa Stadium, Khettarama, Colombo"
393,1043953,2016,2016-11-18,ICC Women's Championship,female,ODI,Australia,South Africa,South Africa,bat,Australia,"Manuka Oval, Canberra"
394,1050611,2016,2016-11-17,ICC Women's Championship,female,ODI,New Zealand,Pakistan,New Zealand,field,New Zealand,"Saxton Oval, Nelson"
395,1059195,2016,2016-11-15,ICC Women's Championship,female,ODI,Sri Lanka,England,Sri Lanka,bat,England,"R.Premadasa Stadium, Khettarama, Colombo"
396,1050609,2016,2016-11-13,ICC Women's Championship,female,ODI,New Zealand,Pakistan,Pakistan,bat,New Zealand,"Bert Sutcliffe Oval, Lincoln"
397,1050607,2016,2016-11-11,Pakistan Women in New Zealand ODI Series,female,ODI,New Zealand,Pakistan,New Zealand,bat,New Zealand,"Bert Sutcliffe Oval, Lincoln"
398,1062580,2016,2016-11-09,England Women in Sri Lanka ODI Series,female,ODI,Sri Lanka,England,Sri Lanka,bat,England,"Sinhalese Sports Club Ground, Colombo"
399,935823,2016,2016-10-24,New Zealand Women in South Africa ODI Series,female,ODI,South Africa,New Zealand,New Zealand,bat,New Zealand,"Boland Bank Park, Paarl"
400,935821,2016,2016-10-22,New Zealand Women in South Africa ODI Series,female,ODI,South Africa,New Zealand,South Africa,field,South Africa,"Boland Bank Park, Paarl"
401,935819,2016,2016-10-19,New Zealand Women in South Africa ODI Series,female,ODI,South Africa,New Zealand,New Zealand,bat,New Zealand,"Boland Bank Park, Paarl"
402,935817,2016,2016-10-17,New Zealand Women in South Africa ODI Series,female,ODI,South Africa,New Zealand,New Zealand,field,New Zealand,"Boland Bank Park, Paarl"
403,935813,2016,2016-10-11,ICC Women's Championship,female,ODI,South Africa,New Zealand,South Africa,field,South Africa,"Diamond Oval, Kimberley"
404,1044209,2016,2016-09-25,ICC Women's Championship,female,ODI,Sri Lanka,Australia,Australia,bat,Australia,"Khettarama Stadium, Colombo"
405,1044203,2016,2016-09-18,Australia Women in Sri Lanka ODI Series,female,ODI,Sri Lanka,Australia,Sri Lanka,bat,Australia,"Rangiri Dambulla International Stadium, Dambulla"
406,962017,2016,2016-08-11,South Africa Women in Ireland ODI Series,female,ODI,Ireland,South Africa,South Africa,bat,Ireland,"The Hills Cricket Club Ground, Dublin"
407,946549,2016,2016-06-27,ICC Women's Championship,female,ODI,England,Pakistan,England,bat,England,"County Ground, Taunton"
408,946547,2016,2016-06-22,ICC Women's Championship,female,ODI,England,Pakistan,Pakistan,field,England,"County Ground, New Road, Worcester"
409,946545,2016,2016-06-21,ICC Women's Championship,female,ODI,England,Pakistan,England,field,England,"Grace Road, Leicester"
410,907393,2016,2016-02-29,ICC Women's Championship,female,ODI,South Africa,West Indies,South Africa,bat,South Africa,"Buffalo Park, East London"
411,907391,2016,2016-02-27,ICC Women's Championship,female,ODI,South Africa,West Indies,West Indies,bat,West Indies,"Buffalo Park, East London"
412,907389,2016,2016-02-24,ICC Women's Championship,female,ODI,South Africa,West Indies,West Indies,bat,West Indies,"Buffalo Park, East London"
413,916663,2016,2016-02-22,ICC Women's Championship,female,ODI,New Zealand,Australia,Australia,field,Australia,"Bay Oval, Mount Maunganui"
414,916661,2016,2016-02-20,ICC Women's Championship,female,ODI,New Zealand,Australia,Australia,field,New Zealand,"Bay Oval, Mount Maunganui"
415,907375,2016,2016-02-07,ICC Women's Championship,female,ODI,South Africa,England,South Africa,bat,England,"Willowmoore Park, Benoni"
416,895797,2016,2016-02-07,ICC Women's Championship,female,ODI,Australia,India,Australia,bat,India,"Bellerive Oval, Hobart"
417,916647,2015,2015-11-05,ICC Women's Championship,female,ODI,New Zealand,Sri Lanka,New Zealand,field,New Zealand,"Bert Sutcliffe Oval, Lincoln"
418,916645,2015,2015-11-03,ICC Women's Championship,female,ODI,New Zealand,Sri Lanka,Sri Lanka,field,New Zealand,"Bert Sutcliffe Oval, Lincoln"
419,923327,2015,2015-10-06,Bangladesh Women in Pakistan ODI Series,female,ODI,Pakistan,Bangladesh,Bangladesh,bat,Pakistan,"Southend Club Cricket Stadium, Karachi"
420,798373,2015,2015-07-27,ICC Women's Championship,female,ODI,England,Australia,England,field,Australia,"County Ground, New Road, Worcester"
421,798371,2015,2015-07-23,ICC Women's Championship,female,ODI,England,Australia,England,field,Australia,"County Ground, Bristol"
422,798369,2015,2015-07-21,ICC Women's Championship,female,ODI,England,Australia,Australia,bat,England,"County Ground, Taunton"
423,872483,2015,2015-07-08,New Zealand Women in India ODI Series,female,ODI,India,New Zealand,New Zealand,bat,India,"M Chinnaswamy Stadium, Bengaluru"
424,872481,2015,2015-07-06,New Zealand Women in India ODI Series,female,ODI,India,New Zealand,New Zealand,bat,India,"M Chinnaswamy Stadium, Bengaluru"
425,828245,2015,2015-03-17,ICC Women's Championship,female,ODI,Pakistan,South Africa,Pakistan,bat,South Africa,"Sharjah Cricket Association Stadium, Sharjah"
426,808865,2015,2015-01-13,ICC Women's Championship,female,ODI,Pakistan,Sri Lanka,Sri Lanka,bat,Pakistan,"Sharjah Cricket Association Stadium, Sharjah"
427,808863,2015,2015-01-11,ICC Women's Championship,female,ODI,Pakistan,Sri Lanka,Pakistan,bat,Pakistan,"Sharjah Cricket Association Stadium, Sharjah"
428,754815,2014,2014-11-18,West Indies Women in Australia ODI Series,female,ODI,Australia,West Indies,Australia,bat,Australia,"Bradman Oval, Bowral"
429,754813,2014,2014-11-16,ICC Women's Championship,female,ODI,Australia,West Indies,West Indies,bat,Australia,"Bradman Oval, Bowral"
430,754811,2014,2014-11-13,ICC Women's Championship,female,ODI,Australia,West Indies,Australia,bat,Australia,"Hurstville Oval, Sydney"
431,754809,2014,2014-11-11,ICC Women's Championship,female,ODI,Australia,West Indies,Australia,field,Australia,"Hurstville Oval, Sydney"
432,757509,2014,2014-10-21,South Africa Women in Sri Lanka ODI Series,female,ODI,Sri Lanka,South Africa,South Africa,field,South Africa,"Sinhalese Sports Club Ground, Colombo"
433,757507,2014,2014-10-19,ICC Women's Championship,female,ODI,Sri Lanka,South Africa,Sri Lanka,field,Sri Lanka,"Sinhalese Sports Club Ground, Colombo"
434,757505,2014,2014-10-18,ICC Women's Championship,female,ODI,Sri Lanka,South Africa,Sri Lanka,bat,no result,"Sinhalese Sports Club Ground, Colombo"
435,754789,2014,2014-08-26,ICC Women's Championship,female,ODI,Australia,Pakistan,Pakistan,bat,Australia,"Peter Burge Oval, Brisbane"
436,754787,2014,2014-08-24,ICC Women's Championship,female,ODI,Australia,Pakistan,Australia,field,Australia,"Peter Burge Oval, Brisbane"
437,722391,2014,2014-08-23,ICC Women's Championship,female,ODI,England,India,India,field,England,"North Marine Road Ground, Scarborough"
438,722389,2014,2014-08-21,ICC Women's Championship,female,ODI,England,India,England,field,England,"North Marine Road Ground, Scarborough"
439,666043,2014,2014-01-26,Women's Ashes,female,ODI,Australia,England,England,bat,Australia,"Bellerive Oval, Hobart"
440,666041,2014,2014-01-23,Women's Ashes,female,ODI,Australia,England,Australia,bat,Australia,"Melbourne Cricket Ground, Melbourne"
441,666039,2014,2014-01-19,Women's Ashes,female,ODI,Australia,England,Australia,bat,England,"Melbourne Cricket Ground, Melbourne"
442,668513,2013,2013-10-28,Sri Lanka Women in South Africa ODI Series,female,ODI,South Africa,Sri Lanka,South Africa,field,no result,"Senwes Park, Potchefstroom"
443,668511,2013,2013-10-26,Sri Lanka Women in South Africa ODI Series,female,ODI,South Africa,Sri Lanka,Sri Lanka,field,South Africa,"Senwes Park, Potchefstroom"
444,664303,2013,2013-09-24,Bangladesh Women in South Africa ODI Series,female,ODI,South Africa,Bangladesh,South Africa,field,South Africa,"SuperSport Park, Centurion"
445,664299,2013,2013-09-20,Bangladesh Women in South Africa ODI Series,female,ODI,South Africa,Bangladesh,South Africa,field,South Africa,"Willowmoore Park, Benoni"
446,593725,2013,2013-08-25,Women's Ashes,female,ODI,England,Australia,Australia,bat,England,"County Ground, Hove, Brighton"
447,593724,2013,2013-08-23,Women's Ashes,female,ODI,England,Australia,England,bat,England,"County Ground, Hove, Brighton"
448,593723,2013,2013-08-20,Women's Ashes,female,ODI,England,Australia,Australia,bat,Australia,"Lord's, London"
449,644945,2013,2013-07-19,Pakistan Women in Ireland ODI Series,female,ODI,Ireland,Pakistan,Pakistan,bat,Pakistan,"YMCA Cricket Club, Dublin"
450,644943,2013,2013-07-17,Pakistan Women in Ireland ODI Series,female,ODI,Ireland,Pakistan,Pakistan,bat,Pakistan,"Observatory Lane, Rathmines, Dublin"
451,627007,2013,2013-07-03,Pakistan Women in England ODI Series,female,ODI,England,Pakistan,Pakistan,bat,England,"Haslegrave Ground, Loughborough"
452,627006,2013,2013-07-01,Pakistan Women in England ODI Series,female,ODI,England,Pakistan,England,bat,England,Louth Cricket Club
453,603241,2013,2013-02-26,West Indies Women in Sri Lanka ODI Series,female,ODI,Sri Lanka,West Indies,Sri Lanka,field,West Indies,"Rangiri Dambulla International Stadium, Dambulla"
454,603240,2013,2013-02-24,West Indies Women in Sri Lanka ODI Series,female,ODI,Sri Lanka,West Indies,West Indies,bat,Sri Lanka,"Rangiri Dambulla International Stadium, Dambulla"
455,603239,2013,2013-02-22,West Indies Women in Sri Lanka ODI Series,female,ODI,Sri Lanka,West Indies,Sri Lanka,bat,West Indies,"Rangiri Dambulla International Stadium, Dambulla"
456,594915,2013,2013-02-17,ICC Women's World Cup,female,ODI,Australia,West Indies,Australia,bat,Australia,"Brabourne Stadium, Mumbai"
457,594914,2013,2013-02-15,ICC Women's World Cup,female,ODI,England,New Zealand,England,field,England,"Brabourne Stadium, Mumbai"
458,594912,2013,2013-02-13,ICC Women's World Cup,female,ODI,England,New Zealand,England,bat,England,"Brabourne Stadium, Mumbai"
459,594909,2013,2013-02-11,ICC Women's World Cup,female,ODI,New Zealand,West Indies,New Zealand,field,West Indies,"Brabourne Stadium, Mumbai"
460,594907,2013,2013-02-10,ICC Women's World Cup,female,ODI,Australia,Sri Lanka,Australia,field,Australia,"Brabourne Stadium, Mumbai"
461,594904,2013,2013-02-08,ICC Women's World Cup,female,ODI,Australia,England,England,field,Australia,"Brabourne Stadium, Mumbai"
462,594901,2013,2013-02-05,ICC Women's World Cup,female,ODI,India,Sri Lanka,Sri Lanka,bat,Sri Lanka,"Brabourne Stadium, Mumbai"
463,594897,2013,2013-02-03,ICC Women's World Cup,female,ODI,India,England,India,field,England,"Brabourne Stadium, Mumbai"
464,594894,2013,2013-02-01,ICC Women's World Cup,female,ODI,England,Sri Lanka,Sri Lanka,field,Sri Lanka,"Brabourne Stadium, Mumbai"
465,594891,2013,2013-01-31,ICC Women's World Cup,female,ODI,India,West Indies,West Indies,field,India,"Brabourne Stadium, Mumbai"
466,584549,2012,2012-12-19,Rose Bowl,female,ODI,Australia,New Zealand,Australia,bat,Australia,"North Sydney Oval, Sydney"
467,584547,2012,2012-12-14,Rose Bowl,female,ODI,Australia,New Zealand,Australia,field,Australia,"North Sydney Oval, Sydney"
468,584546,2012,2012-12-12,Rose Bowl,female,ODI,Australia,New Zealand,Australia,bat,New Zealand,"Sydney Cricket Ground, Sydney"
469,542856,2012,2012-07-11,India Women in England ODI Series,female,ODI,England,India,England,field,England,"Sir Paul Getty's Ground, Wormsley"
470,542854,2012,2012-07-05,India Women in England ODI Series,female,ODI,England,India,England,field,England,"County Ground, Taunton"
471,542853,2012,2012-07-04,India Women in England ODI Series,female,ODI,England,India,England,field,India,"County Ground, Taunton"
472,542852,2012,2012-07-01,India Women in England ODI Series,female,ODI,England,India,England,bat,India,"Lord's, London"
473,527681,2011,2011-10-25,England Women in South Africa ODI Series,female,ODI,South Africa,England,England,field,England,"Senwes Park, Potchefstroom"
474,527680,2011,2011-10-23,England Women in South Africa ODI Series,female,ODI,South Africa,England,South Africa,field,England,"Senwes Park, Potchefstroom"
475,527679,2011,2011-10-21,England Women in South Africa ODI Series,female,ODI,South Africa,England,South Africa,field,England,"Senwes Park, Potchefstroom"
476,423387,2009,2009-10-21,West Indies Women in South Africa ODI Series,female,ODI,South Africa,West Indies,South Africa,field,South Africa,"Boland Bank Park, Paarl"
477,383283,2009,2009-06-29,Australia Women in England ODI Series,female,ODI,England,Australia,Australia,bat,England,"County Ground, Chelmsford"
478,357962,2009,2009-03-10,ICC Women's World Cup,female,ODI,England,India,England,field,England,"North Sydney Oval, Sydney"
479,341306,2008,2008-05-11,Women's Asia Cup,female,ODI,India,Sri Lanka,India,bat,India,"Welagedara Stadium, Kurunegala"
480,341302,2008,2008-05-08,Women's Asia Cup,female,ODI,Sri Lanka,India,Sri Lanka,bat,India,"Welagedara Stadium, Kurunegala"
481,312296,2008,2008-02-22,ICC Women's World Cup Qualifying Series,female,ODI,Pakistan,Netherlands,Pakistan,bat,Pakistan,Stellenbosch University 2
482,312295,2008,2008-02-22,ICC Women's World Cup Qualifying Series,female,ODI,Ireland,South Africa,Ireland,bat,South Africa,Stellenbosch University 1
483,312291,2008,2008-02-21,ICC Women's World Cup Qualifying Series,female,ODI,South Africa,Netherlands,South Africa,bat,South Africa,Stellenbosch University 1
484,276226,2007,2007-03-05,Women's Quadrangular Series,female,ODI,New Zealand,Australia,New Zealand,bat,Australia,"MA Chidambaram Stadium, Chepauk, Chennai"
485,271466,2007,2007-01-24,Pakistan Women tour of South Africa,female,ODI,Pakistan,South Africa,Pakistan,bat,South Africa,"Sinovich Park, Sinoville, Pretoria"
486,271465,2007,2007-01-22,Pakistan Women tour of South Africa,female,ODI,South Africa,Pakistan,Pakistan,field,South Africa,"Harlequins, Pretoria"
